Currency,AscendEX bottom Value (USDT$),GateIO top value (USDT$),Difference
1INCH,0.4891000,0.4885800,0.106%
LRC,0.3408000,0.3384000,0.706%
ZEC,36.7400000,36.5800000,0.436%
BSV,39.1700000,33.8150000,14.67%
INJ,6.5830000,6.5396000,0.661%
CRV,0.9239000,0.9223000,0.173%
CHZ,0.1213040,0.1201400,0.964%
SAND,0.5870000,0.5839000,0.529%
AXS,7.8500000,7.7940000,0.715%
XTZ,1.0041000,1.0030000,0.109%
EGLD,38.7400000,38.6860000,0.139%
WOO,0.2597800,0.2581800,0.617%
