Currency,AscendEX bottom Value (USDT$),GateIO top value (USDT$),Difference
1INCH,0.4898000,0.4899400,0.028%
LRC,0.3424000,0.3399800,0.709%
ZEC,36.9400000,36.7600000,0.488%
BSV,34.0200000,33.9240000,0.282%
INJ,6.6340000,6.5856000,0.732%
CRV,0.9298000,0.9283000,0.161%
CHZ,0.1215040,0.1206800,0.680%
SAND,0.5892000,0.5854000,0.647%
AXS,7.8400000,7.8220000,0.229%
XTZ,1.0093000,1.0056000,0.367%
EGLD,38.9100000,38.8390000,0.182%
WOO,0.2651100,0.2633500,0.666%
