Currency,AscendEX bottom Value (USDT$),GateIO top value (USDT$),Difference
1INCH,0.4894000,0.4886700,0.149%
LRC,0.3413000,0.3384000,0.853%
ZEC,36.7600000,36.6000000,0.436%
BSV,39.1700000,33.8190000,14.66%
INJ,6.5880000,6.5398000,0.734%
CRV,0.9270000,0.9245000,0.270%
CHZ,0.1213040,0.1201300,0.972%
SAND,0.5886000,0.5839000,0.801%
AXS,7.8700000,7.7950000,0.957%
XTZ,1.0061000,1.0040000,0.208%
EGLD,38.8100000,38.7110000,0.255%
WOO,0.2597800,0.2571600,1.013%
