Currency,AscendEX bottom Value (USDT$),GateIO top value (USDT$),Difference
1INCH,0.4891000,0.4888300,0.055%
LRC,0.3408000,0.3382800,0.742%
ZEC,36.7500000,36.6000000,0.408%
BSV,33.9000000,33.8180000,0.242%
INJ,6.5880000,6.5420000,0.700%
CRV,0.9240000,0.9216000,0.260%
CHZ,0.1213040,0.1201300,0.972%
SAND,0.5872000,0.5835000,0.632%
AXS,7.8400000,7.7920000,0.614%
XTZ,1.0051000,1.0026000,0.249%
EGLD,38.7700000,38.6840000,0.222%
WOO,0.2597800,0.2577500,0.784%
