Currency,AscendEX bottom Value (USDT$),GateIO top value (USDT$),Difference
1INCH,0.4899000,0.4887500,0.235%
LRC,0.3413000,0.3385200,0.817%
ZEC,36.7600000,36.6100000,0.408%
BSV,33.9300000,33.8300000,0.295%
INJ,6.5900000,6.5354000,0.831%
CRV,0.9273000,0.9246000,0.291%
CHZ,0.1213040,0.1201600,0.947%
SAND,0.5886000,0.5841000,0.767%
AXS,7.8700000,7.7960000,0.944%
XTZ,1.0062000,1.0040000,0.218%
EGLD,38.8100000,38.7200000,0.232%
WOO,0.2597800,0.2576800,0.811%
