Currency,AscendEX bottom Value (USDT$),GateIO top value (USDT$),Difference
1INCH,0.4889000,0.4880800,0.167%
LRC,0.3405000,0.3385000,0.589%
ZEC,36.7800000,36.6200000,0.435%
BSV,33.9200000,33.8400000,0.236%
INJ,6.5990000,6.5565000,0.646%
CRV,0.9257000,0.9236000,0.227%
CHZ,0.1213040,0.1201300,0.972%
SAND,0.5878000,0.5835000,0.734%
AXS,7.8400000,7.7910000,0.626%
XTZ,1.0042000,1.0023000,0.189%
EGLD,38.7900000,38.7170000,0.188%
WOO,0.2598400,0.2580100,0.706%
