Currency,AscendEX bottom Value (USDT$),GateIO top value (USDT$),Difference
1INCH,0.4900000,0.4889400,0.216%
LRC,0.3408000,0.3386400,0.635%
ZEC,36.7600000,36.5800000,0.490%
BSV,39.1600000,33.8080000,14.66%
INJ,6.5830000,6.5400000,0.655%
CRV,0.9258000,0.9237000,0.227%
CHZ,0.1213040,0.1201200,0.980%
SAND,0.5870000,0.5830000,0.683%
AXS,7.8600000,7.7870000,0.933%
XTZ,1.0052000,1.0030000,0.219%
EGLD,38.7600000,38.6940000,0.170%
WOO,0.2597800,0.2574600,0.897%
