Currency,AscendEX bottom Value (USDT$),GateIO top value (USDT$),Difference
1INCH,0.4898000,0.4895200,0.057%
LRC,0.3421000,0.3400200,0.609%
ZEC,36.9600000,36.7500000,0.569%
BSV,34.0100000,33.9250000,0.250%
INJ,6.6250000,6.5777000,0.716%
CRV,0.9298000,0.9282000,0.172%
CHZ,0.1216040,0.1206000,0.829%
SAND,0.5889000,0.5851000,0.647%
AXS,7.8500000,7.8220000,0.357%
XTZ,1.0082000,1.0056000,0.258%
EGLD,38.9100000,38.8450000,0.167%
WOO,0.2651700,0.2626500,0.954%
