Currency,AscendEX bottom Value (USDT$),GateIO top value (USDT$),Difference
1INCH,0.4899000,0.4892000,0.142%
LRC,0.3411000,0.3389700,0.626%
ZEC,36.7500000,36.6400000,0.299%
BSV,39.1800000,33.8570000,14.57%
INJ,6.6010000,6.5506000,0.766%
CRV,0.9278000,0.9263000,0.161%
CHZ,0.1213040,0.1203900,0.756%
SAND,0.5885000,0.5847000,0.647%
AXS,7.8700000,7.8070000,0.803%
XTZ,1.0062000,1.0044000,0.179%
EGLD,38.7800000,38.7160000,0.165%
WOO,0.2589300,0.2575800,0.522%
