Currency,AscendEX bottom Value (USDT$),GateIO top value (USDT$),Difference
1INCH,0.4892000,0.4885700,0.128%
LRC,0.3406000,0.3383100,0.674%
ZEC,36.7500000,36.6000000,0.408%
BSV,33.9000000,33.8090000,0.268%
INJ,6.5830000,6.5376000,0.692%
CRV,0.9266000,0.9245000,0.226%
CHZ,0.1213040,0.1201500,0.955%
SAND,0.5873000,0.5833000,0.683%
AXS,7.8400000,7.7930000,0.601%
XTZ,1.0051000,1.0020000,0.308%
EGLD,38.7800000,38.7130000,0.172%
WOO,0.2596800,0.2575700,0.815%
