Currency,AscendEX bottom Value (USDT$),GateIO top value (USDT$),Difference
1INCH,0.4889000,0.4888100,0.018%
LRC,0.3407000,0.3389800,0.506%
ZEC,36.7600000,36.6300000,0.354%
BSV,33.9300000,33.8600000,0.206%
INJ,6.5920000,6.5486000,0.660%
CRV,0.9258000,0.9246000,0.129%
CHZ,0.1213040,0.1202200,0.897%
SAND,0.5873000,0.5836000,0.631%
AXS,7.8400000,7.7870000,0.678%
XTZ,1.0041000,1.0018000,0.229%
EGLD,38.8100000,38.7450000,0.167%
WOO,0.2615500,0.2606000,0.363%
